"FromUrl","LinkUrl","StatusCode","Error"
"http://localhost/sitec/","http://localhost/sitec/blog","404","Error en el servidor remoto: (404) No se encontró."
"http://localhost/sitec/","http://localhost/sitec/privacy-policy","404","Error en el servidor remoto: (404) No se encontró."
"http://localhost/sitec/","http://localhost/sitec/terms","404","Error en el servidor remoto: (404) No se encontró."
"http://localhost/sitec/services","http://localhost/sitec/blog","404","Error en el servidor remoto: (404) No se encontró."
"http://localhost/sitec/services","http://localhost/sitec/privacy-policy","404","Error en el servidor remoto: (404) No se encontró."
"http://localhost/sitec/services","http://localhost/sitec/terms","404","Error en el servidor remoto: (404) No se encontró."
"http://localhost/sitec/cases","http://localhost/sitec/blog","404","Error en el servidor remoto: (404) No se encontró."
"http://localhost/sitec/cases","http://localhost/sitec/privacy-policy","404","Error en el servidor remoto: (404) No se encontró."
"http://localhost/sitec/cases","http://localhost/sitec/terms","404","Error en el servidor remoto: (404) No se encontró."
"http://localhost/sitec/nosotros/","http://localhost/sitec/blog","404","Error en el servidor remoto: (404) No se encontró."
"http://localhost/sitec/nosotros/","http://localhost/sitec/privacy-policy","404","Error en el servidor remoto: (404) No se encontró."
"http://localhost/sitec/nosotros/","http://localhost/sitec/terms","404","Error en el servidor remoto: (404) No se encontró."
"http://localhost/sitec/contacto/","http://localhost/sitec/blog","404","Error en el servidor remoto: (404) No se encontró."
"http://localhost/sitec/contacto/","http://localhost/sitec/privacy-policy","404","Error en el servidor remoto: (404) No se encontró."
"http://localhost/sitec/contacto/","http://localhost/sitec/terms","404","Error en el servidor remoto: (404) No se encontró."
"http://localhost/sitec/services/seguridad-inteligente-con-ia-proteccion-proactiva-24-7/","http://localhost/sitec/blog","404","Error en el servidor remoto: (404) No se encontró."
"http://localhost/sitec/services/seguridad-inteligente-con-ia-proteccion-proactiva-24-7/","http://localhost/sitec/privacy-policy","404","Error en el servidor remoto: (404) No se encontró."
"http://localhost/sitec/services/seguridad-inteligente-con-ia-proteccion-proactiva-24-7/","http://localhost/sitec/terms","404","Error en el servidor remoto: (404) No se encontró."
"http://localhost/sitec/services/conectividad-de-nueva-generacion-infraestructura-5g-ready/","http://localhost/sitec/blog","404","Error en el servidor remoto: (404) No se encontró."
"http://localhost/sitec/services/conectividad-de-nueva-generacion-infraestructura-5g-ready/","http://localhost/sitec/privacy-policy","404","Error en el servidor remoto: (404) No se encontró."
"http://localhost/sitec/services/conectividad-de-nueva-generacion-infraestructura-5g-ready/","http://localhost/sitec/terms","404","Error en el servidor remoto: (404) No se encontró."
"http://localhost/sitec/services/energia-inteligente-eficiencia-que-reduce-costos-hasta-60/","http://localhost/sitec/blog","404","Error en el servidor remoto: (404) No se encontró."
"http://localhost/sitec/services/energia-inteligente-eficiencia-que-reduce-costos-hasta-60/","http://localhost/sitec/privacy-policy","404","Error en el servidor remoto: (404) No se encontró."
"http://localhost/sitec/services/energia-inteligente-eficiencia-que-reduce-costos-hasta-60/","http://localhost/sitec/terms","404","Error en el servidor remoto: (404) No se encontró."
"http://localhost/sitec/services/asesoria-estrategica-su-socio-en-transformacion-tecnologica/","http://localhost/sitec/blog","404","Error en el servidor remoto: (404) No se encontró."
"http://localhost/sitec/services/asesoria-estrategica-su-socio-en-transformacion-tecnologica/","http://localhost/sitec/privacy-policy","404","Error en el servidor remoto: (404) No se encontró."
"http://localhost/sitec/services/asesoria-estrategica-su-socio-en-transformacion-tecnologica/","http://localhost/sitec/terms","404","Error en el servidor remoto: (404) No se encontró."
"http://localhost/sitec/cases/hospital-general-de-acapulco/","http://localhost/sitec/blog","404","Error en el servidor remoto: (404) No se encontró."
"http://localhost/sitec/cases/hospital-general-de-acapulco/","http://localhost/sitec/privacy-policy","404","Error en el servidor remoto: (404) No se encontró."
"http://localhost/sitec/cases/hospital-general-de-acapulco/","http://localhost/sitec/terms","404","Error en el servidor remoto: (404) No se encontró."
"http://localhost/sitec/cases/universidad-tecnologica-del-valle/","http://localhost/sitec/blog","404","Error en el servidor remoto: (404) No se encontró."
"http://localhost/sitec/cases/universidad-tecnologica-del-valle/","http://localhost/sitec/privacy-policy","404","Error en el servidor remoto: (404) No se encontró."
"http://localhost/sitec/cases/universidad-tecnologica-del-valle/","http://localhost/sitec/terms","404","Error en el servidor remoto: (404) No se encontró."
"http://localhost/sitec/cases/hotel-fiesta-americana/","http://localhost/sitec/blog","404","Error en el servidor remoto: (404) No se encontró."
"http://localhost/sitec/cases/hotel-fiesta-americana/","http://localhost/sitec/privacy-policy","404","Error en el servidor remoto: (404) No se encontró."
"http://localhost/sitec/cases/hotel-fiesta-americana/","http://localhost/sitec/terms","404","Error en el servidor remoto: (404) No se encontró."
"http://localhost/sitec/cases/guardia-nacional-modernizacion-de-infraestructura/","http://localhost/sitec/blog","404","Error en el servidor remoto: (404) No se encontró."
"http://localhost/sitec/cases/guardia-nacional-modernizacion-de-infraestructura/","http://localhost/sitec/privacy-policy","404","Error en el servidor remoto: (404) No se encontró."
"http://localhost/sitec/cases/guardia-nacional-modernizacion-de-infraestructura/","http://localhost/sitec/terms","404","Error en el servidor remoto: (404) No se encontró."
"http://localhost/sitec/cases/sedena-control-de-acceso-biometrico-santa-lucia/","http://localhost/sitec/blog","404","Error en el servidor remoto: (404) No se encontró."
"http://localhost/sitec/cases/sedena-control-de-acceso-biometrico-santa-lucia/","http://localhost/sitec/privacy-policy","404","Error en el servidor remoto: (404) No se encontró."
"http://localhost/sitec/cases/sedena-control-de-acceso-biometrico-santa-lucia/","http://localhost/sitec/terms","404","Error en el servidor remoto: (404) No se encontró."
"http://localhost/sitec/cases/ine-infraestructura-de-elecciones-digitales-2024/","http://localhost/sitec/blog","404","Error en el servidor remoto: (404) No se encontró."
"http://localhost/sitec/cases/ine-infraestructura-de-elecciones-digitales-2024/","http://localhost/sitec/privacy-policy","404","Error en el servidor remoto: (404) No se encontró."
"http://localhost/sitec/cases/ine-infraestructura-de-elecciones-digitales-2024/","http://localhost/sitec/terms","404","Error en el servidor remoto: (404) No se encontró."
"http://localhost/sitec/cases/centro-comercial-plaza-milenium/","http://localhost/sitec/blog","404","Error en el servidor remoto: (404) No se encontró."
"http://localhost/sitec/cases/centro-comercial-plaza-milenium/","http://localhost/sitec/privacy-policy","404","Error en el servidor remoto: (404) No se encontró."
"http://localhost/sitec/cases/centro-comercial-plaza-milenium/","http://localhost/sitec/terms","404","Error en el servidor remoto: (404) No se encontró."
